Dataset,Model_Version,Accuracy
Test,v1,0.9229344201556132
Test,v2,0.6941459799925899
Feedback,v1,0.5523809523809524
Feedback,v2,0.819047619047619
Test,v1,0.9229344201556132
Test,v2,0.6941459799925899
Feedback,v1,0.5523809523809524
Feedback,v2,0.819047619047619
Test,v1,0.9229344201556132
Test,v2,0.6852537977028529
Feedback,v1,0.5317460317460317
Feedback,v2,0.8015873015873016
Test,v1,0.9292330492775102
Test,v2,0.8147462022971471
Feedback,v1,0.5038167938931297
Feedback,v2,0.7633587786259542
